Time,Temporada,Rodada,Posicao,Pontos,Vitoria,Derrota,Empate,Gols_pro,Gols_contra,Saldo_de_gols,Vitorias_consecutivas,Derrotas_consecutivas,Jogos_marcando,Jogos_sem_sofrer_gols
Fluminense,2023,1,1,3,1,0,0,3,0,3,1,0,1,1
Flamengo,2023,1,2,3,1,0,0,3,0,3,1,0,1,1
Athletico-PR,2023,1,3,3,1,0,0,2,0,2,1,0,1,1
Palmeiras,2023,1,4,3,1,0,0,2,1,1,1,0,1,-1
Vasco,2023,1,5,3,1,0,0,2,1,1,1,0,1,-1
Bragantino,2023,1,6,3,1,0,0,2,1,1,1,0,1,-1
Botafogo,2023,1,7,3,1,0,0,2,1,1,1,0,1,-1
Corinthians,2023,1,8,3,1,0,0,2,1,1,1,0,1,-1
Grêmio,2023,1,9,3,1,0,0,1,0,1,1,0,1,1
Internacional,2023,1,10,1,0,0,1,1,1,0,0,0,1,-1
Fortaleza,2023,1,11,1,0,0,1,1,1,0,0,0,1,-1
Cuiabá,2023,1,12,0,0,1,0,1,2,-1,0,1,1,-1
Bahia,2023,1,13,0,0,1,0,1,2,-1,0,1,1,-1
São Paulo,2023,1,14,0,0,1,0,1,2,-1,0,1,1,-1
Santos,2023,1,15,0,0,1,0,0,1,-1,0,1,-1,-1
Cruzeiro,2023,1,16,0,0,1,0,1,2,-1,0,1,1,-1
Atlético-MG,2023,1,17,0,0,1,0,1,2,-1,0,1,1,-1
Goiás,2023,1,18,0,0,1,0,0,2,-2,0,1,-1,-1
Coritiba,2023,1,19,0,0,1,0,0,3,-3,0,1,-1,-1
América-MG,2023,1,20,0,0,1,0,0,3,-3,0,1,-1,-1
Fluminense,2023,2,1,6,2,0,0,5,0,5,2,0,2,1
Botafogo,2023,2,2,6,2,0,0,4,2,2,2,0,2,-2
Fortaleza,2023,2,3,4,1,0,1,4,1,3,1,0,2,0
Palmeiras,2023,2,4,4,1,0,1,4,3,1,0,0,2,-2
Bragantino,2023,2,5,4,1,0,1,3,2,1,0,0,2,-2
Internacional,2023,2,6,4,1,0,1,3,2,1,1,0,2,-2
Vasco,2023,2,7,4,1,0,1,4,3,1,0,0,2,-2
Flamengo,2023,2,8,3,1,1,0,4,2,2,0,1,2,-1
São Paulo,2023,2,9,3,1,1,0,4,2,2,1,0,2,1
Grêmio,2023,2,10,3,1,1,0,1,1,0,0,1,-1,-1
Athletico-PR,2023,2,11,3,1,1,0,2,2,0,0,1,-1,-1
Goiás,2023,2,12,3,1,1,0,3,3,0,1,0,1,-2
Cruzeiro,2023,2,13,3,1,1,0,2,2,0,1,0,2,1
Corinthians,2023,2,14,3,1,1,0,3,4,-1,0,1,2,-2
Atlético-MG,2023,2,15,1,0,1,1,1,2,-1,0,0,-1,0
Cuiabá,2023,2,16,1,0,1,1,2,3,-1,0,0,2,-2
Santos,2023,2,17,1,0,1,1,0,1,-1,0,0,-2,1
Bahia,2023,2,18,0,0,2,0,2,4,-2,0,2,2,-2
América-MG,2023,2,19,0,0,2,0,0,6,-6,0,2,-2,-2
Coritiba,2023,2,20,0,0,2,0,0,6,-6,0,2,-2,-2
Botafogo,2023,3,1,9,3,0,0,7,4,3,3,0,3,-3
Fortaleza,2023,3,2,7,2,0,1,8,3,5,2,0,3,-1
Palmeiras,2023,3,3,7,2,0,1,6,4,2,1,0,3,-3
Internacional,2023,3,4,7,2,0,1,4,2,2,2,0,3,1
Fluminense,2023,3,5,6,2,1,0,7,4,3,0,1,3,-1
Cruzeiro,2023,3,6,6,2,1,0,5,2,3,2,0,3,1
Grêmio,2023,3,7,6,2,1,0,3,2,1,1,0,1,-2
São Paulo,2023,3,8,4,1,1,1,5,3,2,0,0,3,-1
Santos,2023,3,9,4,1,1,1,3,3,0,1,0,1,-1
Atlético-MG,2023,3,10,4,1,1,1,3,3,0,1,0,1,-1
Vasco,2023,3,11,4,1,1,1,4,4,0,0,1,-1,-3
Bragantino,2023,3,12,4,1,1,1,3,5,-2,0,1,-1,-3
Flamengo,2023,3,13,3,1,2,0,6,5,1,0,2,3,-2
Athletico-PR,2023,3,14,3,1,2,0,3,4,-1,0,2,1,-2
Goiás,2023,3,15,3,1,2,0,3,4,-1,0,1,-1,-3
Bahia,2023,3,16,3,1,2,0,3,4,-1,1,0,3,-1
Corinthians,2023,3,17,3,1,2,0,4,6,-2,0,2,3,-3
Cuiabá,2023,3,18,1,0,2,1,3,5,-2,0,1,3,-3
Coritiba,2023,3,19,1,0,2,1,1,7,-6,0,0,1,-3
América-MG,2023,3,20,0,0,3,0,2,9,-7,0,3,1,-3
Botafogo,2023,4,1,12,4,0,0,9,4,5,4,0,4,1
Palmeiras,2023,4,2,10,3,0,1,11,4,7,2,0,4,-2
Cruzeiro,2023,4,3,9,3,1,0,7,3,4,3,0,4,-1
Fortaleza,2023,4,4,8,2,0,2,9,4,5,0,0,4,-2
São Paulo,2023,4,5,7,2,1,1,7,3,4,1,0,4,1
Fluminense,2023,4,6,7,2,1,1,8,5,3,0,0,4,-2
Grêmio,2023,4,7,7,2,1,1,6,5,1,0,0,2,-3
Internacional,2023,4,8,7,2,1,1,4,4,0,0,1,-1,-1
Bahia,2023,4,9,6,2,2,0,6,5,1,2,0,4,-2
Athletico-PR,2023,4,10,6,2,2,0,5,5,0,1,0,2,-3
Vasco,2023,4,11,5,1,1,2,5,5,0,0,0,1,-4
Bragantino,2023,4,12,5,1,1,2,6,8,-2,0,0,1,-4
Santos,2023,4,13,4,1,2,1,4,5,-1,0,1,2,-2
Cuiabá,2023,4,14,4,1,2,1,5,6,-1,1,0,4,-4
Atlético-MG,2023,4,15,4,1,2,1,3,5,-2,0,1,-1,-2
Corinthians,2023,4,16,4,1,2,1,5,7,-2,0,0,4,-4
Flamengo,2023,4,17,3,1,3,0,7,7,0,0,3,4,-3
Goiás,2023,4,18,3,1,3,0,3,9,-6,0,2,-2,-4
Coritiba,2023,4,19,1,0,3,1,2,10,-8,0,1,2,-4
América-MG,2023,4,20,0,0,4,0,3,11,-8,0,4,2,-4
Botafogo,2023,5,1,15,5,0,0,12,4,8,5,0,5,1
Palmeiras,2023,5,2,13,4,0,1,15,5,10,3,0,5,-3
Fluminense,2023,5,3,10,3,1,1,10,5,5,1,0,5,-1
Athletico-PR,2023,5,4,9,3,2,0,7,5,2,2,0,3,-2
Cruzeiro,2023,5,5,9,3,2,0,7,5,2,0,1,-1,-2
Fortaleza,2023,5,6,9,2,0,3,9,4,5,0,0,-1,1
São Paulo,2023,5,7,8,2,1,2,7,3,4,0,0,-1,1
Santos,2023,5,8,7,2,2,1,7,5,2,1,0,3,1
Atlético-MG,2023,5,9,7,2,2,1,7,5,2,1,0,1,-1
Internacional,2023,5,10,7,2,2,1,4,6,-2,0,2,-2,-2
Grêmio,2023,5,11,7,2,2,1,7,9,-2,0,1,3,-4
Flamengo,2023,5,12,6,2,3,0,9,7,2,1,0,5,1
Bahia,2023,5,13,6,2,3,0,6,8,-2,0,1,-1,-3
Vasco,2023,5,14,6,1,1,3,6,6,0,0,0,2,-5
Bragantino,2023,5,15,6,1,1,3,8,10,-2,0,0,2,-5
Cuiabá,2023,5,16,4,1,3,1,5,10,-5,0,1,-1,-5
Corinthians,2023,5,17,4,1,3,1,5,10,-5,0,1,-1,-5
Goiás,2023,5,18,3,1,4,0,3,11,-8,0,3,-3,-5
Coritiba,2023,5,19,2,0,3,2,3,11,-8,0,0,3,-5
América-MG,2023,5,20,1,0,4,1,5,13,-8,0,0,3,-5
Botafogo,2023,6,1,15,5,1,0,13,6,7,0,1,6,-1
Palmeiras,2023,6,2,14,4,0,2,16,6,10,0,0,6,-4
Fluminense,2023,6,3,13,4,1,1,12,5,7,2,0,6,1
Cruzeiro,2023,6,4,12,4,2,0,11,5,6,1,0,1,-1
Athletico-PR,2023,6,5,12,4,2,0,10,7,3,3,0,4,-3
Atlético-MG,2023,6,6,10,3,2,1,9,5,4,2,0,2,1
Santos,2023,6,7,10,3,2,1,8,5,3,2,0,4,1
Fortaleza,2023,6,8,10,2,0,4,9,4,5,0,0,-2,1
Flamengo,2023,6,9,9,3,3,0,12,9,3,2,0,6,-1
São Paulo,2023,6,10,9,2,1,3,8,4,4,0,0,1,-1
Grêmio,2023,6,11,8,2,2,2,7,9,-2,0,0,-1,1
Internacional,2023,6,12,7,2,3,1,4,8,-4,0,3,-3,-3
Bragantino,2023,6,13,7,1,1,4,9,11,-2,0,0,3,-6
Bahia,2023,6,14,6,2,4,0,8,11,-3,0,2,1,-4
Goiás,2023,6,15,6,2,4,0,5,12,-7,1,0,1,-6
Vasco,2023,6,16,6,1,2,3,6,7,-1,0,1,-1,-6
Corinthians,2023,6,17,5,1,3,2,6,11,-5,0,0,1,-6
Cuiabá,2023,6,18,4,1,4,1,5,12,-7,0,2,-2,-6
Coritiba,2023,6,19,2,0,4,2,5,14,-9,0,1,4,-6
América-MG,2023,6,20,1,0,5,1,5,17,-12,0,1,-1,-6
Botafogo,2023,7,1,18,6,1,0,14,6,8,1,0,7,1
Palmeiras,2023,7,2,15,4,0,3,16,6,10,0,0,-1,-3
Fluminense,2023,7,3,13,4,2,1,12,6,6,0,1,-1,-1
Atlético-MG,2023,7,4,13,4,2,1,11,6,5,3,0,3,-1
Cruzeiro,2023,7,5,12,4,3,0,11,6,5,0,1,-1,-2
Flamengo,2023,7,6,12,4,3,0,13,9,4,3,0,7,1
Athletico-PR,2023,7,7,12,4,3,0,10,9,1,0,1,-1,-4
São Paulo,2023,7,8,12,3,1,3,12,6,6,1,0,2,-2
Santos,2023,7,9,11,3,2,2,8,5,3,0,0,-1,1
Grêmio,2023,7,10,11,3,2,2,10,10,0,1,0,1,-1
Fortaleza,2023,7,11,10,2,1,4,10,6,4,0,1,1,-1
Bragantino,2023,7,12,10,2,1,4,11,11,0,1,0,4,1
Bahia,2023,7,13,7,2,4,1,9,12,-3,0,0,2,-5
Cuiabá,2023,7,14,7,2,4,1,6,12,-6,1,0,1,-5
Internacional,2023,7,15,7,2,4,1,5,11,-6,0,4,1,-4
Goiás,2023,7,16,7,2,4,1,6,13,-7,0,0,2,-7
Vasco,2023,7,17,6,1,3,3,8,11,-3,0,2,1,-7
Corinthians,2023,7,18,5,1,4,2,6,12,-6,0,1,-1,-7
América-MG,2023,7,19,4,1,5,1,7,18,-11,1,0,1,-7
Coritiba,2023,7,20,2,0,5,2,6,16,-10,0,2,5,-7
Botafogo,2023,8,1,21,7,1,0,16,6,10,2,0,8,1
Palmeiras,2023,8,2,16,4,0,4,17,7,10,0,0,1,-4
São Paulo,2023,8,3,15,4,1,3,14,7,7,2,0,3,-3
Atlético-MG,2023,8,4,14,4,2,2,12,7,5,0,0,4,-2
Grêmio,2023,8,5,14,4,2,2,12,11,1,2,0,2,-2
Cruzeiro,2023,8,6,13,4,3,1,12,7,5,0,0,1,-3
Flamengo,2023,8,7,13,4,3,1,14,10,4,0,0,8,-1
Fluminense,2023,8,8,13,4,3,1,12,8,4,0,2,-2,-2
Fortaleza,2023,8,9,13,3,1,4,12,6,6,1,0,2,1
Bragantino,2023,8,10,13,3,1,4,13,11,2,2,0,5,1
Athletico-PR,2023,8,11,12,4,4,0,11,11,0,0,2,1,-5
Santos,2023,8,12,11,3,3,2,8,7,1,0,1,-2,-1
Internacional,2023,8,13,10,3,4,1,7,11,-4,1,0,2,1
Corinthians,2023,8,14,8,2,4,2,8,12,-4,1,0,1,1
Cuiabá,2023,8,15,8,2,4,2,7,13,-6,0,0,2,-6
Bahia,2023,8,16,7,2,5,1,9,14,-5,0,1,-1,-6
Goiás,2023,8,17,7,2,5,1,7,15,-8,0,1,3,-8
Vasco,2023,8,18,6,1,4,3,8,13,-5,0,3,-1,-8
América-MG,2023,8,19,4,1,6,1,7,20,-13,0,1,-1,-8
Coritiba,2023,8,20,3,0,5,3,7,17,-10,0,0,6,-8
Botafogo,2023,9,1,21,7,2,0,16,7,9,0,1,-1,-1
Palmeiras,2023,9,2,19,5,0,4,20,8,12,1,0,2,-5
Atlético-MG,2023,9,3,17,5,2,2,13,7,6,1,0,5,-1
Grêmio,2023,9,4,17,5,2,2,14,12,2,3,0,3,-3
Flamengo,2023,9,5,16,5,3,1,18,11,7,1,0,9,-2
Fluminense,2023,9,6,16,5,3,1,14,9,5,1,0,1,-3
Athletico-PR,2023,9,7,15,5,4,0,12,11,1,1,0,2,1
São Paulo,2023,9,8,15,4,2,3,15,9,6,0,1,4,-4
Fortaleza,2023,9,9,14,3,1,5,12,6,6,0,0,-1,1
Cruzeiro,2023,9,10,13,4,4,1,12,8,4,0,1,-1,-4
Bragantino,2023,9,11,13,3,2,4,14,13,1,0,1,6,-1
Santos,2023,9,12,12,3,3,3,9,8,1,0,0,1,-2
Internacional,2023,9,13,11,3,4,2,8,12,-4,0,0,3,-1
Cuiabá,2023,9,14,11,3,4,2,8,13,-5,1,0,3,-5
Bahia,2023,9,15,8,2,5,2,9,14,-5,0,0,-2,-5
Corinthians,2023,9,16,8,2,5,2,8,14,-6,0,1,-1,-1
Goiás,2023,9,17,7,2,6,1,7,16,-9,0,2,-1,-9
América-MG,2023,9,18,7,2,6,1,9,20,-11,1,0,1,1
Vasco,2023,9,19,6,1,5,3,9,17,-8,0,4,1,-9
Coritiba,2023,9,20,3,0,6,3,8,20,-12,0,1,7,-9
Botafogo,2023,10,1,24,8,2,0,18,7,11,1,0,1,1
Palmeiras,2023,10,2,22,6,0,4,22,8,14,2,0,3,-4
Flamengo,2023,10,3,19,6,3,1,21,11,10,2,0,10,1
Atlético-MG,2023,10,4,18,5,2,3,14,8,6,0,0,6,-2
Fluminense,2023,10,5,17,5,3,2,16,11,5,0,0,2,-4
Grêmio,2023,10,6,17,5,3,2,14,15,-1,0,1,-1,-4
Athletico-PR,2023,10,7,16,5,4,1,14,13,1,0,0,3,-1
São Paulo,2023,10,8,15,4,3,3,15,11,4,0,2,-1,-5
Cruzeiro,2023,10,9,14,4,4,2,14,10,4,0,0,1,-5
Internacional,2023,10,10,14,4,4,2,10,13,-3,1,0,4,-2
Fortaleza,2023,10,11,14,3,2,5,12,8,4,0,1,-2,-1
Bragantino,2023,10,12,14,3,2,5,15,14,1,0,0,7,-2
Santos,2023,10,13,13,3,3,4,9,8,1,0,0,-1,-1
Cuiabá,2023,10,14,12,3,4,3,9,14,-5,0,0,4,-6
Bahia,2023,10,15,9,2,5,3,11,16,-5,0,0,1,-6
Corinthians,2023,10,16,9,2,5,3,9,15,-6,0,0,1,-2
Goiás,2023,10,17,8,2,6,2,9,18,-9,0,0,1,-10
América-MG,2023,10,18,8,2,6,2,11,22,-11,0,0,2,-1
Vasco,2023,10,19,6,1,6,3,10,19,-9,0,5,2,-10
Coritiba,2023,10,20,4,0,6,4,8,20,-12,0,0,-1,1
Botafogo,2023,11,1,27,9,2,0,19,7,12,2,0,2,1
Palmeiras,2023,11,2,22,6,1,4,22,9,13,0,1,-1,-5
Grêmio,2023,11,3,20,6,3,2,17,16,1,1,0,1,-5
Flamengo,2023,11,4,19,6,4,1,21,15,6,0,1,-1,-1
Atlético-MG,2023,11,5,19,5,2,4,15,9,6,0,0,7,-3
Fluminense,2023,11,6,18,5,3,3,17,12,5,0,0,3,-5
São Paulo,2023,11,7,18,5,3,3,17,12,5,1,0,1,-6
Internacional,2023,11,8,17,5,4,2,11,13,-2,2,0,5,-1
Bragantino,2023,11,9,17,4,2,5,19,14,5,1,0,8,1
Fortaleza,2023,11,10,17,4,2,5,13,8,5,1,0,1,0
Athletico-PR,2023,11,11,16,5,5,1,15,15,0,0,1,4,-2
Cruzeiro,2023,11,12,14,4,5,2,14,11,3,0,1,-1,-6
Santos,2023,11,13,13,3,4,4,9,10,-1,0,1,-2,-2
Bahia,2023,11,14,12,3,5,3,12,16,-4,1,0,2,1
Corinthians,2023,11,15,12,3,5,3,11,15,-4,1,0,2,-1
Cuiabá,2023,11,16,12,3,5,3,9,15,-6,0,1,-1,-7
Goiás,2023,11,17,11,3,6,2,10,18,-8,1,0,2,-9
América-MG,2023,11,18,8,2,7,2,12,25,-13,0,1,3,-2
Vasco,2023,11,19,6,1,7,3,10,20,-10,0,6,-1,-11
Coritiba,2023,11,20,4,0,7,4,8,21,-13,0,1,-2,-1
Botafogo,2023,12,1,30,10,2,0,20,7,13,3,0,3,1
Grêmio,2023,12,2,23,7,3,2,22,17,5,2,0,2,-6
Flamengo,2023,12,3,22,7,4,1,24,17,7,1,0,1,-2
Palmeiras,2023,12,4,22,6,2,4,22,10,12,0,2,-2,-6
Fluminense,2023,12,5,21,6,3,3,19,13,6,1,0,4,-6
Internacional,2023,12,6,20,6,4,2,13,14,-1,3,0,6,-2
Bragantino,2023,12,7,20,5,2,5,21,14,7,2,0,9,1
Fortaleza,2023,12,8,20,5,2,5,15,9,6,2,0,2,-1
Athletico-PR,2023,12,9,19,6,5,1,16,15,1,1,0,5,1
Atlético-MG,2023,12,10,19,5,3,4,16,11,5,0,1,8,-4
São Paulo,2023,12,11,18,5,4,3,17,13,4,0,1,-1,-7
Cruzeiro,2023,12,12,17,5,5,2,15,11,4,1,0,1,1
Santos,2023,12,13,13,3,5,4,11,13,-2,0,2,1,-3
Bahia,2023,12,14,12,3,6,3,13,18,-5,0,1,3,-1
Corinthians,2023,12,15,12,3,6,3,11,16,-5,0,1,-1,-2
Cuiabá,2023,12,16,12,3,6,3,9,16,-7,0,2,-2,-8
Goiás,2023,12,17,11,3,7,2,10,20,-10,0,1,-1,-10
Vasco,2023,12,18,9,2,7,3,11,20,-9,1,0,1,1
América-MG,2023,12,19,8,2,8,2,13,27,-14,0,2,4,-3
Coritiba,2023,12,20,4,0,8,4,9,26,-17,0,2,1,-2
Botafogo,2023,13,1,33,11,2,0,22,7,15,4,0,4,1
Grêmio,2023,13,2,26,8,3,2,24,18,6,3,0,3,-7
Flamengo,2023,13,3,25,8,4,1,26,17,9,2,0,2,1
Palmeiras,2023,13,4,23,6,2,5,24,12,12,0,0,1,-7
Bragantino,2023,13,5,23,6,2,5,22,14,8,3,0,10,1
São Paulo,2023,13,6,21,6,4,3,18,13,5,1,0,1,1
Fluminense,2023,13,7,21,6,4,3,19,14,5,0,1,-1,-7
Internacional,2023,13,8,21,6,4,3,13,14,-1,0,0,-1,1
Athletico-PR,2023,13,9,20,6,5,2,18,17,1,0,0,6,-1
Atlético-MG,2023,13,10,20,5,3,5,18,13,5,0,0,9,-5
Fortaleza,2023,13,11,20,5,3,5,15,11,4,0,1,-1,-2
Cruzeiro,2023,13,12,18,5,5,3,15,11,4,0,0,-1,1
Cuiabá,2023,13,13,15,4,6,3,12,16,-4,1,0,1,1
Santos,2023,13,14,13,3,6,4,11,16,-5,0,3,-1,-4
Bahia,2023,13,15,12,3,7,3,14,20,-6,0,2,4,-2
Corinthians,2023,13,16,12,3,7,3,11,17,-6,0,2,-2,-3
Goiás,2023,13,17,11,3,8,2,11,22,-11,0,2,1,-11
Vasco,2023,13,18,9,2,8,3,11,22,-11,0,1,-1,-1
América-MG,2023,13,19,9,2,8,3,15,29,-14,0,0,5,-4
Coritiba,2023,13,20,7,1,8,4,11,27,-16,1,0,2,-3
Botafogo,2023,14,1,36,12,2,0,24,7,17,5,0,5,1
Flamengo,2023,14,2,26,8,4,2,27,18,9,0,0,3,-1
Grêmio,2023,14,3,26,8,4,2,24,20,4,0,1,-1,-8
Fluminense,2023,14,4,24,7,4,3,21,14,7,1,0,1,1
Palmeiras,2023,14,5,24,6,2,6,25,13,12,0,0,2,-8
Bragantino,2023,14,6,24,6,2,6,22,14,8,0,0,-1,1
Fortaleza,2023,14,7,23,6,3,5,16,11,5,1,0,1,1
São Paulo,2023,14,8,22,6,4,4,18,13,5,0,0,-1,1
Cruzeiro,2023,14,9,21,6,5,3,16,11,5,1,0,1,1
Internacional,2023,14,10,21,6,5,3,13,16,-3,0,1,-2,-1
Athletico-PR,2023,14,11,20,6,6,2,18,18,0,0,1,-1,-2
Atlético-MG,2023,14,12,20,5,4,5,18,14,4,0,1,-1,-6
Cuiabá,2023,14,13,16,4,6,4,13,17,-4,0,0,2,-1
Santos,2023,14,14,16,4,6,4,15,19,-4,1,0,1,-5
Corinthians,2023,14,15,15,4,7,3,12,17,-5,1,0,1,-2
Bahia,2023,14,16,13,3,7,4,15,21,-6,0,0,5,-3
Goiás,2023,14,17,11,3,9,2,14,26,-12,0,3,2,-12
Coritiba,2023,14,18,10,2,8,4,14,28,-14,2,0,3,-4
Vasco,2023,14,19,9,2,9,3,11,23,-12,0,2,-2,-2
América-MG,2023,14,20,9,2,9,3,16,32,-16,0,1,6,-5
Botafogo,2023,15,1,39,13,2,0,26,7,19,6,0,6,1
Flamengo,2023,15,2,27,8,4,3,27,18,9,0,0,-1,0
Grêmio,2023,15,3,27,8,4,3,28,24,4,0,0,1,-9
São Paulo,2023,15,4,25,7,4,4,22,14,8,1,0,1,-1
Fluminense,2023,15,5,25,7,4,4,21,14,7,0,0,-1,1
Palmeiras,2023,15,6,25,6,2,7,25,13,12,0,0,-1,-7
Bragantino,2023,15,7,24,6,3,6,22,16,6,0,1,-2,-1
Athletico-PR,2023,15,8,23,7,6,2,20,18,2,1,0,1,1
Fortaleza,2023,15,9,23,6,4,5,16,12,4,0,1,-1,-1
Cruzeiro,2023,15,10,22,6,5,4,16,11,5,0,0,-1,1
Internacional,2023,15,11,22,6,5,4,13,16,-3,0,0,-3,1
Atlético-MG,2023,15,12,21,5,4,6,18,14,4,0,0,-2,-5
Cuiabá,2023,15,13,19,5,6,4,14,17,-3,1,0,3,0
Corinthians,2023,15,14,16,4,7,4,16,21,-5,0,0,2,-3
Santos,2023,15,15,16,4,7,4,16,23,-7,0,1,2,-6
Bahia,2023,15,16,13,3,8,4,15,23,-8,0,1,-1,-4
Vasco,2023,15,17,12,3,9,3,12,23,-11,1,0,1,-1
Goiás,2023,15,18,12,3,9,3,14,26,-12,0,0,-1,1
Coritiba,2023,15,19,11,2,8,5,14,28,-14,0,0,-1,-3
América-MG,2023,15,20,9,2,10,3,16,33,-17,0,2,-1,-6
Botafogo,2023,16,1,40,13,2,1,28,9,19,0,0,7,-1
Grêmio,2023,16,2,30,9,4,3,29,24,5,1,0,2,1
Flamengo,2023,16,3,28,8,4,4,28,19,9,0,0,1,-1
Palmeiras,2023,16,4,28,7,2,7,28,14,14,1,0,1,-8
Athletico-PR,2023,16,5,26,8,6,2,22,18,4,2,0,2,1
São Paulo,2023,16,6,25,7,5,4,23,16,7,0,1,2,-2
Fluminense,2023,16,7,25,7,5,4,21,16,5,0,1,-2,-1
Bragantino,2023,16,8,25,6,3,7,22,16,6,0,0,-3,1
Fortaleza,2023,16,9,23,6,5,5,17,15,2,0,2,1,-2
Internacional,2023,16,10,23,6,5,5,13,16,-3,0,0,-4,1
Cruzeiro,2023,16,11,22,6,6,4,16,12,4,0,1,-2,-1
Cuiabá,2023,16,12,22,6,6,4,16,18,-2,2,0,4,-1
Atlético-MG,2023,16,13,21,5,5,6,18,15,3,0,1,-3,-6
Corinthians,2023,16,14,17,4,7,5,16,21,-5,0,0,-1,-2
Santos,2023,16,15,17,4,7,5,18,25,-7,0,0,3,-7
Goiás,2023,16,16,15,4,9,3,15,26,-11,1,0,1,1
Bahia,2023,16,17,14,3,8,5,15,23,-8,0,0,-2,1
Coritiba,2023,16,18,14,3,8,5,16,28,-12,1,0,1,1
Vasco,2023,16,19,12,3,10,3,12,25,-13,0,1,-1,-2
América-MG,2023,16,20,10,2,10,4,17,34,-17,0,0,1,-7
Botafogo,2023,17,1,43,14,2,1,32,10,22,1,0,8,-2
Flamengo,2023,17,2,31,9,4,4,30,20,10,1,0,2,-2
Grêmio,2023,17,3,31,9,4,4,30,25,5,0,0,3,-1
Palmeiras,2023,17,4,31,8,2,7,32,15,17,2,0,2,-9
Fluminense,2023,17,5,28,8,5,4,22,16,6,1,0,1,1
Bragantino,2023,17,6,28,7,3,7,25,16,9,1,0,1,1
Athletico-PR,2023,17,7,27,8,6,3,25,21,4,0,0,3,-1
São Paulo,2023,17,8,26,7,5,5,23,16,7,0,0,-1,1
Cuiabá,2023,17,9,25,7,6,4,18,19,-1,3,0,5,-2
Cruzeiro,2023,17,10,23,6,6,5,19,15,4,0,0,1,-2
Fortaleza,2023,17,11,23,6,6,5,17,18,-1,0,3,-1,-3
Internacional,2023,17,12,23,6,6,5,14,18,-4,0,1,1,-1
Atlético-MG,2023,17,13,21,5,6,6,19,17,2,0,2,1,-7
Corinthians,2023,17,14,20,5,7,5,19,22,-3,1,0,1,-3
Santos,2023,17,15,17,4,8,5,18,26,-8,0,1,-1,-8
Goiás,2023,17,16,16,4,9,4,16,27,-11,0,0,2,-1
Bahia,2023,17,17,15,3,8,6,15,23,-8,0,0,-3,1
Coritiba,2023,17,18,14,3,9,5,17,32,-15,0,1,2,-1
Vasco,2023,17,19,12,3,11,3,13,28,-15,0,2,1,-3
América-MG,2023,17,20,10,2,11,4,18,38,-20,0,1,2,-8
Botafogo,2023,18,1,44,14,2,2,32,10,22,0,0,-1,-1
Fluminense,2023,18,2,31,9,5,4,24,17,7,2,0,2,-1
Flamengo,2023,18,3,31,9,5,4,30,23,7,0,1,-1,-3
Grêmio,2023,18,4,31,9,5,4,30,26,4,0,1,-1,-2
Palmeiras,2023,18,5,31,8,3,7,33,17,16,0,1,3,-10
Bragantino,2023,18,6,31,8,3,7,26,16,10,2,0,2,1
Athletico-PR,2023,18,7,28,8,6,4,26,22,4,0,0,4,-2
Cuiabá,2023,18,8,28,8,6,4,21,19,2,4,0,6,1
São Paulo,2023,18,9,26,7,6,5,23,18,5,0,1,-2,-1
Cruzeiro,2023,18,10,24,6,6,6,19,15,4,0,0,-1,1
Atlético-MG,2023,18,11,24,6,6,6,21,17,4,1,0,2,-6
Internacional,2023,18,12,24,6,6,6,16,20,-4,0,0,2,-2
Fortaleza,2023,18,13,23,6,7,5,17,19,-2,0,4,-2,-4
Corinthians,2023,18,14,21,5,7,6,21,24,-3,0,0,2,-4
Goiás,2023,18,15,19,5,9,4,17,27,-10,1,0,3,1
Bahia,2023,18,16,18,4,8,6,18,24,-6,1,0,1,-1
Santos,2023,18,17,18,4,8,6,19,27,-8,0,0,1,-9
Vasco,2023,18,18,15,4,11,3,14,28,-14,1,0,2,1
Coritiba,2023,18,19,14,3,10,5,17,33,-16,0,2,-1,-2
América-MG,2023,18,20,10,2,12,4,19,41,-22,0,2,3,-9
Botafogo,2023,19,1,47,15,2,2,35,11,24,1,0,1,-2
Grêmio,2023,19,2,34,10,5,4,32,27,5,1,0,1,-3
Palmeiras,2023,19,3,34,9,3,7,34,17,17,1,0,4,1
Flamengo,2023,19,4,32,9,5,5,31,24,7,0,0,1,-4
Bragantino,2023,19,5,32,8,3,8,27,17,10,0,0,3,-1
Fluminense,2023,19,6,31,9,6,4,25,19,6,0,1,3,-2
Athletico-PR,2023,19,7,31,9,6,4,28,22,6,1,0,5,1
Cuiabá,2023,19,8,28,8,7,4,21,21,0,0,1,-1,-1
São Paulo,2023,19,9,27,7,6,6,24,19,5,0,0,1,-2
Atlético-MG,2023,19,10,27,7,6,6,22,17,5,2,0,3,1
Fortaleza,2023,19,11,26,7,7,5,21,19,2,1,0,1,1
Cruzeiro,2023,19,12,24,6,7,6,19,16,3,0,1,-2,-1
Corinthians,2023,19,13,24,6,7,6,24,25,-1,1,0,3,-5
Internacional,2023,19,14,24,6,7,6,17,23,-6,0,1,3,-3
Goiás,2023,19,15,22,6,9,4,18,27,-9,2,0,4,1
Bahia,2023,19,16,18,4,9,6,18,25,-7,0,1,-1,-2
Santos,2023,19,17,18,4,9,6,19,31,-12,0,1,-1,-10
Vasco,2023,19,18,16,4,11,4,15,29,-14,0,0,3,-1
Coritiba,2023,19,19,14,3,11,5,18,36,-18,0,3,1,-3
América-MG,2023,19,20,10,2,13,4,19,42,-23,0,3,-1,-10
Botafogo,2023,20,1,48,15,2,3,35,11,24,0,0,-1,-1
Palmeiras,2023,20,2,37,10,3,7,36,17,19,2,0,5,1
Flamengo,2023,20,3,35,10,5,5,34,26,8,1,0,2,-5
Fluminense,2023,20,4,34,10,6,4,28,20,8,1,0,4,-3
Grêmio,2023,20,5,34,10,6,4,33,29,4,0,1,2,-4
Athletico-PR,2023,20,6,32,9,6,5,29,23,6,0,0,6,-1
Bragantino,2023,20,7,32,8,4,8,27,21,6,0,1,-1,-2
Fortaleza,2023,20,8,29,8,7,5,22,19,3,2,0,2,1
Cuiabá,2023,20,9,28,8,8,4,21,23,-2,0,2,-2,-2
São Paulo,2023,20,10,28,7,6,7,24,19,5,0,0,-1,1
Atlético-MG,2023,20,11,27,7,7,6,22,18,4,0,1,-1,-1
Cruzeiro,2023,20,12,25,6,7,7,20,17,3,0,0,1,-2
Corinthians,2023,20,13,25,6,7,7,25,26,-1,0,0,4,-6
Internacional,2023,20,14,24,6,8,6,17,24,-7,0,2,-1,-4
Goiás,2023,20,15,23,6,9,5,19,28,-9,0,0,5,-1
Bahia,2023,20,16,21,5,9,6,22,25,-3,1,0,1,1
Santos,2023,20,17,21,5,9,6,21,32,-11,1,0,1,-11
Vasco,2023,20,18,19,5,11,4,16,29,-13,1,0,4,1
Coritiba,2023,20,19,14,3,12,5,20,39,-19,0,4,2,-4
América-MG,2023,20,20,10,2,14,4,20,45,-25,0,4,1,-11
Botafogo,2023,21,1,51,16,2,3,38,11,27,1,0,1,1
Palmeiras,2023,21,2,40,11,3,7,37,17,20,3,0,6,1
Grêmio,2023,21,3,37,11,6,4,36,29,7,1,0,3,1
Flamengo,2023,21,4,36,10,5,6,34,26,8,0,0,-1,1
Fluminense,2023,21,5,35,10,6,5,30,22,8,0,0,5,-4
Bragantino,2023,21,6,35,9,4,8,29,21,8,1,0,1,1
Athletico-PR,2023,21,7,33,9,6,6,31,25,6,0,0,7,-2
Fortaleza,2023,21,8,32,9,7,5,25,20,5,3,0,3,-1
Atlético-MG,2023,21,9,30,8,7,6,24,18,6,1,0,1,1
Cuiabá,2023,21,10,28,8,9,4,21,25,-4,0,3,-3,-3
São Paulo,2023,21,11,28,7,7,7,25,21,4,0,1,1,-1
Corinthians,2023,21,12,26,6,7,8,26,27,-1,0,0,5,-7
Cruzeiro,2023,21,13,25,6,8,7,20,20,0,0,1,-1,-3
Internacional,2023,21,14,25,6,8,7,17,24,-7,0,0,-2,-3
Goiás,2023,21,15,24,6,9,6,20,29,-9,0,0,6,-2
Bahia,2023,21,16,21,5,10,6,22,28,-6,0,1,-1,-1
Santos,2023,21,17,21,5,10,6,21,34,-13,0,1,-1,-12
Vasco,2023,21,18,19,5,12,4,16,30,-14,0,1,-1,-1
Coritiba,2023,21,19,14,3,13,5,21,42,-21,0,5,3,-5
América-MG,2023,21,20,13,3,14,4,22,46,-24,1,0,2,-12
Botafogo,2023,22,1,51,16,3,3,39,13,26,0,1,2,-1
Palmeiras,2023,22,2,41,11,3,8,37,17,20,0,0,-1,1
Grêmio,2023,22,3,40,12,6,4,38,29,9,2,0,4,1
Flamengo,2023,22,4,39,11,5,6,36,27,9,1,0,1,-1
Fluminense,2023,22,5,38,11,6,5,31,22,9,1,0,6,1
Bragantino,2023,22,6,36,9,4,9,29,21,8,0,0,-1,1
Athletico-PR,2023,22,7,34,9,6,7,32,26,6,0,0,8,-3
Fortaleza,2023,22,8,32,9,8,5,25,21,4,0,1,-1,-2
Atlético-MG,2023,22,9,31,8,7,7,25,19,6,0,0,2,-1
São Paulo,2023,22,10,31,8,7,7,27,22,5,1,0,2,-2
Cuiabá,2023,22,11,28,8,10,4,21,27,-6,0,4,-4,-4
Corinthians,2023,22,12,27,6,7,9,26,27,-1,0,0,-1,1
Cruzeiro,2023,22,13,26,6,8,8,20,20,0,0,0,-2,1
Internacional,2023,22,14,26,6,8,8,17,24,-7,0,0,-3,-2
Goiás,2023,22,15,25,6,9,7,20,29,-9,0,0,-1,1
Bahia,2023,22,16,22,5,10,7,23,29,-6,0,0,1,-2
Santos,2023,22,17,21,5,11,6,21,36,-15,0,2,-2,-13
Vasco,2023,22,18,20,5,12,5,17,31,-14,0,0,1,-2
América-MG,2023,22,19,16,4,14,4,24,46,-22,2,0,3,1
Coritiba,2023,22,20,14,3,14,5,22,44,-22,0,6,4,-6
Botafogo,2023,23,1,51,16,4,3,39,14,25,0,2,-1,-2
Palmeiras,2023,23,2,44,12,3,8,38,17,21,1,0,1,1
Grêmio,2023,23,3,40,12,7,4,38,31,7,0,1,-1,-1
Flamengo,2023,23,4,39,11,6,6,36,30,6,0,1,-1,-2
Bragantino,2023,23,5,39,10,4,9,31,21,10,1,0,1,1
Fluminense,2023,23,6,38,11,7,5,33,26,7,0,1,7,-1
Athletico-PR,2023,23,7,37,10,6,7,35,26,9,1,0,9,-2
Fortaleza,2023,23,8,35,10,8,5,27,22,5,1,0,1,-3
Atlético-MG,2023,23,9,34,9,7,7,26,19,7,1,0,3,1
São Paulo,2023,23,10,31,8,8,7,28,24,4,0,1,3,-3
Cuiabá,2023,23,11,29,8,10,5,23,29,-6,0,0,1,-5
Cruzeiro,2023,23,12,29,7,8,8,23,20,3,1,0,1,1
Internacional,2023,23,13,29,7,8,8,19,25,-6,1,0,1,-3
Corinthians,2023,23,14,27,6,8,9,27,29,-2,0,1,1,-1
Bahia,2023,23,15,25,6,10,7,27,31,-4,1,0,2,-3
Goiás,2023,23,16,25,6,10,7,20,30,-10,0,1,-2,-1
Vasco,2023,23,17,23,6,12,5,21,33,-12,1,0,2,-3
Santos,2023,23,18,21,5,12,6,21,39,-18,0,3,-3,-14
América-MG,2023,23,19,17,4,14,5,26,48,-22,0,0,4,-1
Coritiba,2023,23,20,14,3,15,5,24,48,-24,0,7,5,-7
Botafogo,2023,24,1,51,16,5,3,39,15,24,0,3,-2,-3
Palmeiras,2023,24,2,44,12,4,8,38,18,20,0,1,-1,-1
Grêmio,2023,24,3,43,13,7,4,39,31,8,1,0,1,1
Bragantino,2023,24,4,42,11,4,9,33,21,12,2,0,2,1
Fluminense,2023,24,5,41,12,7,5,34,26,8,1,0,8,1
Athletico-PR,2023,24,6,40,11,6,7,37,27,10,2,0,10,-3
Flamengo,2023,24,7,40,11,6,7,36,30,6,0,0,-2,-1
Fortaleza,2023,24,8,38,11,8,5,29,23,6,2,0,2,-4
Atlético-MG,2023,24,9,37,10,7,7,27,19,8,2,0,4,1
São Paulo,2023,24,10,31,8,9,7,29,26,3,0,2,4,-4
Corinthians,2023,24,11,30,7,8,9,28,29,-1,1,0,2,1
Cuiabá,2023,24,12,29,8,11,5,23,30,-7,0,1,-1,-6
Cruzeiro,2023,24,13,29,7,9,8,23,21,2,0,1,-1,-1
Internacional,2023,24,14,29,7,9,8,20,27,-7,0,1,2,-4
Vasco,2023,24,15,26,7,12,5,26,34,-8,2,0,3,-4
Goiás,2023,24,16,26,6,10,8,20,30,-10,0,0,-3,1
Bahia,2023,24,17,25,6,11,7,28,33,-5,0,1,3,-4
Santos,2023,24,18,24,6,12,6,23,40,-17,1,0,1,-15
América-MG,2023,24,19,17,4,15,5,26,50,-24,0,1,-1,-2
Coritiba,2023,24,20,14,3,16,5,25,53,-28,0,8,6,-8
Botafogo,2023,25,1,52,16,5,4,40,16,24,0,0,1,-4
Bragantino,2023,25,2,45,12,4,9,35,22,13,3,0,3,-1
Grêmio,2023,25,3,44,13,7,5,40,32,8,0,0,2,-1
Palmeiras,2023,25,4,44,12,5,8,39,20,19,0,2,1,-2
Flamengo,2023,25,5,43,12,6,7,37,30,7,1,0,1,1
Fluminense,2023,25,6,41,12,8,5,34,29,5,0,1,-1,-1
Atlético-MG,2023,25,7,40,11,7,7,29,19,10,3,0,5,1
Athletico-PR,2023,25,8,40,11,7,7,37,29,8,0,1,-1,-4
Fortaleza,2023,25,9,39,11,8,6,30,24,6,0,0,3,-5
São Paulo,2023,25,10,34,9,9,7,31,27,4,1,0,5,-5
Cuiabá,2023,25,11,32,9,11,5,26,30,-4,1,0,1,1
Cruzeiro,2023,25,12,30,7,9,9,24,22,2,0,0,1,-2
Corinthians,2023,25,13,30,7,9,9,29,31,-2,0,1,3,-1
Internacional,2023,25,14,29,7,10,8,20,29,-9,0,2,-1,-5
Santos,2023,25,15,27,7,12,6,27,41,-14,2,0,2,-16
Goiás,2023,25,16,27,6,10,9,21,31,-10,0,0,1,-1
Vasco,2023,25,17,26,7,13,5,27,38,-11,0,1,4,-5
Bahia,2023,25,18,25,6,12,7,28,34,-6,0,2,-1,-5
América-MG,2023,25,19,18,4,15,6,27,51,-24,0,0,1,-3
Coritiba,2023,25,20,17,4,16,5,27,53,-26,1,0,7,1
Botafogo,2023,26,1,55,17,5,4,42,16,26,1,0,2,-3
Bragantino,2023,26,2,46,12,4,10,36,23,13,0,0,4,-2
Grêmio,2023,26,3,44,13,8,5,42,35,7,0,1,3,-2
Palmeiras,2023,26,4,44,12,6,8,40,22,18,0,3,2,-3
Flamengo,2023,26,5,44,12,6,8,38,31,7,0,0,2,-1
Fortaleza,2023,26,6,42,12,8,6,33,26,7,1,0,4,-6
Fluminense,2023,26,7,41,12,9,5,34,31,3,0,2,-2,-2
Athletico-PR,2023,26,8,41,11,7,8,38,30,8,0,0,1,-5
Atlético-MG,2023,26,9,40,11,8,7,30,21,9,0,1,6,-1
São Paulo,2023,26,10,35,9,9,8,31,27,4,0,0,-1,-4
Cuiabá,2023,26,11,33,9,11,6,26,30,-4,0,0,-1,1
Internacional,2023,26,12,32,8,10,8,23,31,-8,1,0,1,-6
Cruzeiro,2023,26,13,31,7,9,10,24,22,2,0,0,-1,-1
Corinthians,2023,26,14,31,7,9,10,30,32,-2,0,0,4,-2
Santos,2023,26,15,30,8,12,6,29,42,-13,3,0,3,-17
Bahia,2023,26,16,28,7,12,7,34,38,-4,1,0,1,-6
Vasco,2023,26,17,27,7,13,6,27,38,-11,0,0,-1,1
Goiás,2023,26,18,27,6,11,9,25,37,-12,0,1,2,-2
Coritiba,2023,26,19,20,5,16,5,29,54,-25,2,0,8,-1
América-MG,2023,26,20,18,4,16,6,29,54,-25,0,1,2,-4
Botafogo,2023,27,1,58,18,5,4,44,17,27,2,0,3,-4
Bragantino,2023,27,2,49,13,4,10,39,24,15,1,0,5,-3
Flamengo,2023,27,3,47,13,6,8,40,31,9,1,0,3,0
Grêmio,2023,27,4,44,13,9,5,43,37,6,0,2,4,-3
Palmeiras,2023,27,5,44,12,7,8,40,24,16,0,4,-1,-4
Athletico-PR,2023,27,6,44,12,7,8,40,31,9,1,0,2,-6
Atlético-MG,2023,27,7,43,12,8,7,32,21,11,1,0,7,0
Fortaleza,2023,27,8,42,12,9,6,33,27,6,0,1,-1,-7
Fluminense,2023,27,9,42,12,9,6,37,34,3,0,0,1,-3
Cuiabá,2023,27,10,36,10,11,6,29,30,-1,1,0,1,1
São Paulo,2023,27,11,35,9,10,8,31,29,2,0,1,-2,-5
Internacional,2023,27,12,32,8,11,8,23,32,-9,0,1,-1,-7
Corinthians,2023,27,13,32,7,9,11,33,35,-2,0,0,5,-3
Bahia,2023,27,14,31,8,12,7,35,38,-3,2,0,2,1
Cruzeiro,2023,27,15,31,7,10,10,24,24,0,0,1,-2,-2
Vasco,2023,27,16,30,8,13,6,28,38,-10,1,0,1,1
Santos,2023,27,17,30,8,13,6,30,45,-15,0,1,4,-18
Goiás,2023,27,18,30,7,11,9,27,37,-10,1,0,3,1
Coritiba,2023,27,19,20,5,17,5,29,57,-28,0,1,-1,-2
América-MG,2023,27,20,18,4,17,6,30,56,-26,0,2,3,-5
Botafogo,2023,28,1,59,18,5,5,45,18,27,0,0,4,-5
Bragantino,2023,28,2,52,14,4,10,40,24,16,2,0,6,1
Flamengo,2023,28,3,50,14,6,8,41,31,10,2,0,4,1
Palmeiras,2023,28,4,47,13,7,8,42,24,18,1,0,1,-3
Athletico-PR,2023,28,5,45,12,7,9,41,32,9,0,0,3,-7
Grêmio,2023,28,6,44,13,10,5,43,40,3,0,3,-1,-4
Atlético-MG,2023,28,7,43,12,9,7,32,22,10,0,1,-1,-1
Fortaleza,2023,28,8,42,12,10,6,33,29,4,0,2,-2,-8
Fluminense,2023,28,9,42,12,10,6,37,35,2,0,1,-1,-4
São Paulo,2023,28,10,38,10,10,8,34,29,5,1,0,1,1
Cuiabá,2023,28,11,37,10,11,7,30,31,-1,0,0,2,-1
Internacional,2023,28,12,35,9,11,8,30,33,-3,1,0,1,-8
Bahia,2023,28,13,34,9,12,7,37,38,-1,3,0,3,1
Cruzeiro,2023,28,14,34,8,10,10,25,24,1,1,0,1,-1
Corinthians,2023,28,15,33,7,9,12,34,36,-2,0,0,6,-4
Goiás,2023,28,16,31,7,11,10,28,38,-10,0,0,4,-1
Vasco,2023,28,17,30,8,14,6,28,39,-11,0,1,-1,-1
Santos,2023,28,18,30,8,14,6,31,52,-21,0,2,5,-19
Coritiba,2023,28,19,20,5,18,5,29,59,-30,0,2,-2,-3
América-MG,2023,28,20,19,4,17,7,31,57,-26,0,0,4,-6
Botafogo,2023,29,1,60,18,5,6,47,20,27,0,0,5,-6
Bragantino,2023,29,2,52,14,5,10,41,26,15,0,1,7,-1
Palmeiras,2023,29,3,50,14,7,8,47,24,23,2,0,2,1
Flamengo,2023,29,4,50,14,7,8,43,34,9,0,1,5,-1
Athletico-PR,2023,29,5,48,13,7,9,44,34,10,1,0,4,-8
Grêmio,2023,29,6,47,14,10,5,46,42,4,1,0,1,-5
Atlético-MG,2023,29,7,46,13,9,7,34,23,11,1,0,1,-2
Fluminense,2023,29,8,45,13,10,6,42,38,4,1,0,1,-5
Fortaleza,2023,29,9,43,12,10,7,35,31,4,0,0,1,-9
São Paulo,2023,29,10,38,10,11,8,34,34,0,0,1,-1,-1
Internacional,2023,29,11,38,10,11,8,32,34,-2,2,0,2,-9
Cuiabá,2023,29,12,37,10,12,7,30,32,-2,0,1,-1,-2
Cruzeiro,2023,29,13,37,9,10,10,28,24,4,2,0,2,1
Corinthians,2023,29,14,36,8,9,12,35,36,-1,1,0,7,-3
Bahia,2023,29,15,34,9,13,7,37,41,-4,0,1,-1,-1
Santos,2023,29,16,33,9,14,6,33,53,-20,1,0,6,-20
Goiás,2023,29,17,31,7,12,10,31,43,-12,0,1,5,-2
Vasco,2023,29,18,30,8,15,6,29,41,-12,0,2,1,-2
Coritiba,2023,29,19,20,5,19,5,30,61,-31,0,3,1,-4
América-MG,2023,29,20,19,4,18,7,33,60,-27,0,1,5,-7
Botafogo,2023,30,1,60,18,6,6,47,21,26,0,1,-1,-7
Palmeiras,2023,30,2,53,15,7,8,48,24,24,3,0,3,1
Flamengo,2023,30,3,53,15,7,8,44,34,10,1,0,6,1
Bragantino,2023,30,4,52,14,6,10,41,27,14,0,2,-1,-2
Grêmio,2023,30,5,50,15,10,5,50,45,5,2,0,2,-6
Atlético-MG,2023,30,6,49,14,9,7,36,23,13,2,0,2,1
Athletico-PR,2023,30,7,49,13,7,10,45,35,10,0,0,5,-9
Fluminense,2023,30,8,45,13,11,6,42,40,2,0,1,-1,-6
Fortaleza,2023,30,9,43,12,11,7,35,32,3,0,1,-1,-10
Cuiabá,2023,30,10,40,11,12,7,31,32,-1,1,0,1,-1
Cruzeiro,2023,30,11,40,10,10,10,29,24,5,3,0,3,1
São Paulo,2023,30,12,39,10,11,9,35,35,0,0,0,1,-2
Internacional,2023,30,13,38,10,12,8,35,38,-3,0,1,3,-10
Corinthians,2023,30,14,37,8,9,13,36,37,-1,0,0,8,-4
Bahia,2023,30,15,34,9,14,7,37,42,-5,0,2,-2,-2
Santos,2023,30,16,34,9,14,7,34,54,-20,0,0,7,-21
Goiás,2023,30,17,32,7,12,11,32,44,-12,0,0,6,-3
Vasco,2023,30,18,31,8,15,7,30,42,-12,0,0,2,-3
Coritiba,2023,30,19,23,6,19,5,34,64,-30,1,0,2,-5
América-MG,2023,30,20,19,4,19,7,36,64,-28,0,2,6,-8
Botafogo,2023,31,1,60,18,7,6,50,25,25,0,2,1,-8
Palmeiras,2023,31,2,56,16,7,8,52,27,25,4,0,4,-1
Bragantino,2023,31,3,55,15,6,10,43,27,16,1,0,1,-1
Grêmio,2023,31,4,53,16,10,5,52,46,6,3,0,3,-7
Flamengo,2023,31,5,53,15,8,8,45,36,9,0,1,7,-1
Atlético-MG,2023,31,6,52,15,9,7,39,24,15,3,0,3,-1
Athletico-PR,2023,31,7,49,13,8,10,45,36,9,0,1,-1,-10
Fluminense,2023,31,8,45,13,12,6,42,41,1,0,2,-2,-7
Fortaleza,2023,31,9,43,12,12,7,36,35,1,0,2,1,-11
São Paulo,2023,31,10,42,11,11,9,36,35,1,1,0,2,1
Cuiabá,2023,31,11,40,11,13,7,31,34,-3,0,1,-1,-2
Cruzeiro,2023,31,12,40,10,11,10,29,25,4,0,1,-1,-1
Corinthians,2023,31,13,40,9,9,13,37,37,0,1,0,9,1
Internacional,2023,31,14,39,10,12,9,36,39,-3,0,0,4,-11
Bahia,2023,31,15,37,10,14,7,38,42,-4,1,0,1,1
Santos,2023,31,16,37,10,14,7,36,55,-19,1,0,8,-22
Vasco,2023,31,17,34,9,15,7,32,42,-10,1,0,3,-2
Goiás,2023,31,18,32,7,13,11,32,46,-14,0,1,-1,-4
Coritiba,2023,31,19,23,6,20,5,35,66,-31,0,1,3,-6
América-MG,2023,31,20,20,4,19,8,37,65,-28,0,0,7,-9
Botafogo,2023,32,1,60,18,8,6,50,26,24,0,3,-1,-9
Palmeiras,2023,32,2,59,17,7,8,53,27,26,5,0,5,1
Bragantino,2023,32,3,58,16,6,10,44,27,17,2,0,2,1
Grêmio,2023,32,4,56,17,10,5,53,46,7,4,0,4,1
Flamengo,2023,32,5,56,16,8,8,47,36,11,1,0,8,0
Atlético-MG,2023,32,6,53,15,9,8,40,25,15,0,0,4,-2
Athletico-PR,2023,32,7,49,13,9,10,45,37,8,0,2,-2,-11
Fluminense,2023,32,8,48,14,12,6,43,41,2,1,0,1,1
Fortaleza,2023,32,9,43,12,13,7,36,37,-1,0,3,-1,-12
São Paulo,2023,32,10,42,11,12,9,36,36,0,0,1,-1,-1
Internacional,2023,32,11,42,11,12,9,38,40,-2,1,0,5,-12
Cuiabá,2023,32,12,41,11,13,8,31,34,-3,0,0,-2,-1
Cruzeiro,2023,32,13,40,10,12,10,30,27,3,0,2,1,-2
Corinthians,2023,32,14,40,9,10,13,37,38,-1,0,1,-1,-1
Santos,2023,32,15,38,10,14,8,36,55,-19,0,0,-1,1
Bahia,2023,32,16,37,10,15,7,38,43,-5,0,1,-1,-1
Vasco,2023,32,17,37,10,15,7,33,42,-9,2,0,4,1
Goiás,2023,32,18,35,8,13,11,33,46,-13,1,0,1,-3
Coritiba,2023,32,19,23,6,21,5,35,67,-32,0,2,-1,-7
América-MG,2023,32,20,21,4,19,9,38,66,-28,0,0,8,-10
Botafogo,2023,33,1,60,18,9,6,53,30,23,0,4,1,-10
Grêmio,2023,33,2,59,18,10,5,57,49,8,5,0,5,-1
Palmeiras,2023,33,3,59,17,8,8,53,30,23,0,1,-1,-1
Flamengo,2023,33,4,59,17,8,8,50,36,14,2,0,9,1
Bragantino,2023,33,5,58,16,7,10,44,28,16,0,1,-1,-1
Atlético-MG,2023,33,6,54,15,9,9,41,26,15,0,0,5,-3
Athletico-PR,2023,33,7,50,13,9,11,46,38,8,0,0,1,-12
Fluminense,2023,33,8,49,14,12,7,43,41,2,0,0,-1,1
São Paulo,2023,33,9,45,12,12,9,37,36,1,1,0,1,1
Cuiabá,2023,33,10,44,12,13,8,34,34,0,1,0,1,0
Fortaleza,2023,33,11,44,12,13,8,37,38,-1,0,0,1,-13
Internacional,2023,33,12,43,11,12,10,38,40,-2,0,0,-1,1
Santos,2023,33,13,41,11,14,8,37,55,-18,1,0,1,1
Cruzeiro,2023,33,14,41,10,12,11,32,29,3,0,0,2,-3
Corinthians,2023,33,15,41,9,10,14,38,39,-1,0,0,1,-2
Vasco,2023,33,16,38,10,15,8,35,44,-9,0,0,5,-1
Bahia,2023,33,17,37,10,16,7,38,46,-8,0,2,-2,-2
Goiás,2023,33,18,35,8,14,11,33,47,-14,0,1,-1,-4
Coritiba,2023,33,19,26,7,21,5,38,67,-29,1,0,1,-6
América-MG,2023,33,20,21,4,20,9,38,69,-31,0,1,-1,-11
Palmeiras,2023,34,1,62,18,8,8,56,30,26,1,0,1,1
Botafogo,2023,34,2,61,18,9,7,55,32,23,0,0,2,-11
Flamengo,2023,34,3,60,17,8,9,51,37,14,0,0,10,-1
Grêmio,2023,34,4,59,18,11,5,57,50,7,0,1,-1,-2
Bragantino,2023,34,5,59,16,7,11,46,30,16,0,0,1,-2
Atlético-MG,2023,34,6,57,16,9,9,43,27,16,1,0,6,-4
Athletico-PR,2023,34,7,51,13,9,12,47,39,8,0,0,2,-13
Fluminense,2023,34,8,50,14,12,8,44,42,2,0,0,1,-1
Cuiabá,2023,34,9,47,13,13,8,36,35,1,2,0,2,-1
São Paulo,2023,34,10,46,12,12,10,37,36,1,0,0,-1,1
Fortaleza,2023,34,11,44,12,14,8,38,40,-2,0,1,2,-14
Corinthians,2023,34,12,44,10,10,14,39,39,0,1,0,2,-1
Internacional,2023,34,13,43,11,13,10,38,43,-5,0,1,-2,-1
Santos,2023,34,14,42,11,14,9,37,55,-18,0,0,-1,1
Vasco,2023,34,15,41,11,15,8,37,45,-8,1,0,6,-2
Cruzeiro,2023,34,16,41,10,13,11,32,30,2,0,1,-1,-4
Bahia,2023,34,17,38,10,16,8,39,47,-8,0,0,1,-3
Goiás,2023,34,18,35,8,15,11,34,49,-15,0,2,1,-5
Coritiba,2023,34,19,29,8,21,5,39,67,-28,2,0,2,1
América-MG,2023,34,20,21,4,21,9,39,71,-32,0,2,1,-12
Palmeiras,2023,35,1,63,18,8,9,58,32,26,0,0,2,-1
Flamengo,2023,35,2,63,18,8,9,54,37,17,1,0,11,0
Botafogo,2023,35,3,62,18,9,8,56,33,23,0,0,3,-12
Atlético-MG,2023,35,4,60,17,9,9,46,27,19,2,0,7,1
Grêmio,2023,35,5,59,18,12,5,57,53,4,0,2,-2,-3
Bragantino,2023,35,6,59,16,8,11,46,31,15,0,1,-1,-3
Fluminense,2023,35,7,53,15,12,8,46,43,3,1,0,2,-2
Athletico-PR,2023,35,8,52,13,9,13,47,39,8,0,0,-1,1
Cuiabá,2023,35,9,48,13,13,9,36,35,1,0,0,-1,0
São Paulo,2023,35,10,47,12,12,11,37,36,1,0,0,-2,1
Internacional,2023,35,11,46,12,13,10,39,43,-4,1,0,1,1
Fortaleza,2023,35,12,45,12,14,9,40,42,-2,0,0,3,-15
Cruzeiro,2023,35,13,44,11,13,11,33,30,3,1,0,1,-3
Corinthians,2023,35,14,44,10,11,14,40,44,-4,0,1,3,-2
Santos,2023,35,15,43,11,14,10,38,56,-18,0,0,1,-1
Vasco,2023,35,16,42,11,15,9,37,45,-8,0,0,-1,-1
Bahia,2023,35,17,41,11,16,8,44,48,-4,1,0,2,-4
Goiás,2023,35,18,35,8,16,11,34,50,-16,0,3,-1,-6
Coritiba,2023,35,19,29,8,22,5,40,69,-29,0,1,3,-1
América-MG,2023,35,20,21,4,22,9,39,74,-35,0,3,-1,-13
Palmeiras,2023,36,1,66,19,8,9,62,32,30,1,0,3,1
Botafogo,2023,36,2,63,18,9,9,57,34,23,0,0,4,-13
Atlético-MG,2023,36,3,63,18,9,9,49,27,22,3,0,8,1
Flamengo,2023,36,4,63,18,9,9,54,40,14,0,1,-1,-1
Grêmio,2023,36,5,62,19,12,5,59,54,5,1,0,1,-4
Bragantino,2023,36,6,59,16,9,11,47,33,14,0,2,1,-4
Fluminense,2023,36,7,56,16,12,8,49,43,6,2,0,3,-1
Athletico-PR,2023,36,8,53,13,9,14,48,40,8,0,0,1,-1
São Paulo,2023,36,9,50,13,12,11,38,36,2,1,0,1,1
Internacional,2023,36,10,49,13,13,10,41,43,-2,2,0,2,1
Cuiabá,2023,36,11,48,13,14,9,36,37,-1,0,1,-2,-1
Fortaleza,2023,36,12,48,13,14,9,42,43,-1,1,0,4,-16
Corinthians,2023,36,13,47,11,11,14,44,46,-2,1,0,4,-3
Cruzeiro,2023,36,14,45,11,13,12,34,31,3,0,0,2,-4
Santos,2023,36,15,43,11,15,10,38,59,-21,0,1,-1,-2
Vasco,2023,36,16,42,11,16,9,39,49,-10,0,1,1,-2
Bahia,2023,36,17,41,11,17,8,44,49,-5,0,1,-1,-5
Goiás,2023,36,18,35,8,17,11,35,52,-17,0,4,1,-7
Coritiba,2023,36,19,30,8,22,6,41,70,-29,0,0,4,-2
América-MG,2023,36,20,21,4,23,9,39,78,-39,0,4,-2,-14
Palmeiras,2023,37,1,69,20,8,9,63,32,31,2,0,4,1
Atlético-MG,2023,37,2,66,19,9,9,51,28,23,4,0,9,-1
Flamengo,2023,37,3,66,19,9,9,56,41,15,1,0,1,-2
Grêmio,2023,37,4,65,20,12,5,60,54,6,2,0,2,1
Botafogo,2023,37,5,64,18,9,10,57,34,23,0,0,-1,1
Bragantino,2023,37,6,62,17,9,11,48,33,15,1,0,2,1
Fluminense,2023,37,7,56,16,13,8,49,44,5,0,1,-1,-2
Athletico-PR,2023,37,8,56,14,9,14,51,40,11,1,0,2,1
Internacional,2023,37,9,52,14,13,10,43,44,-1,3,0,3,-1
Fortaleza,2023,37,10,51,14,14,9,43,43,0,2,0,5,1
São Paulo,2023,37,11,50,13,13,11,39,38,1,0,1,2,-1
Cuiabá,2023,37,12,48,13,15,9,37,39,-2,0,2,1,-2
Corinthians,2023,37,13,47,11,12,14,45,48,-3,0,1,5,-4
Cruzeiro,2023,37,14,46,11,13,13,34,31,3,0,0,-1,-3
Santos,2023,37,15,43,11,16,10,38,62,-24,0,2,-2,-3
Vasco,2023,37,16,42,11,17,9,39,50,-11,0,2,-1,-3
Bahia,2023,37,17,41,11,18,8,46,52,-6,0,2,1,-6
Goiás,2023,37,18,35,8,18,11,35,53,-18,0,5,-1,-8
Coritiba,2023,37,19,30,8,23,6,41,71,-30,0,1,-1,-3
América-MG,2023,37,20,24,5,23,9,42,80,-38,1,0,1,-15
Palmeiras,2023,38,1,70,20,8,10,64,33,31,0,0,5,-1
Grêmio,2023,38,2,68,21,12,5,63,56,7,3,0,3,-1
Atlético-MG,2023,38,3,66,19,10,9,52,32,20,0,1,10,-2
Flamengo,2023,38,4,66,19,10,9,56,42,14,0,1,-1,-3
Botafogo,2023,38,5,64,18,10,10,58,37,21,0,1,1,-1
Bragantino,2023,38,6,62,17,10,11,49,35,14,0,1,3,-1
Fluminense,2023,38,7,56,16,14,8,51,47,4,0,2,1,-3
Athletico-PR,2023,38,8,56,14,10,14,51,43,8,0,1,-1,-1
Internacional,2023,38,9,55,15,13,10,46,45,1,4,0,4,-2
Fortaleza,2023,38,10,54,15,14,9,45,44,1,3,0,6,-1
São Paulo,2023,38,11,53,14,13,11,40,38,2,1,0,3,1
Cuiabá,2023,38,12,51,14,15,9,40,39,1,1,0,2,1
Corinthians,2023,38,13,50,12,12,14,47,48,-1,1,0,6,-3
Cruzeiro,2023,38,14,47,11,13,14,35,32,3,0,0,1,-4
Vasco,2023,38,15,45,12,17,9,41,51,-10,1,0,1,-4
Bahia,2023,38,16,44,12,18,8,50,53,-3,1,0,2,-7
Santos,2023,38,17,43,11,17,10,39,64,-25,0,3,1,-4
Goiás,2023,38,18,38,9,18,11,36,53,-17,1,0,1,1
Coritiba,2023,38,19,30,8,24,6,41,73,-32,0,2,-2,-4
América-MG,2023,38,20,24,5,24,9,42,81,-39,0,1,-1,-16
